"","baseMean","log2FoldChange","lfcSE","stat","pvalue","padj"
"IGHV3-15",557.490052227752,24.0565407747352,1.86734706717586,12.8827367968173,5.63030218979306e-38,1.1917660645135e-33
"IGHV3-21",235.873851511869,21.6612307567236,1.84944534902322,11.7122848578164,1.10267433908159e-31,1.167015386767e-27
"FCRL5",64.5297262456954,21.0512951888697,1.90484251046152,11.0514622984602,2.15672863168291e-28,1.52171583156107e-24
"IGKV1D-33",492.565715953239,22.8388516556905,2.07609350945493,11.0008781163652,3.78428689691717e-28,2.00255001867614e-24
"IGKV1-16",495.275237238349,22.8854891436868,2.15557314273616,10.6168928764056,2.48701820710903e-26,8.77378573164615e-23
"UTY",1315.81757026021,25.0879494056598,2.36231957846502,10.6200488851561,2.40435176870443e-26,8.77378573164615e-23
"ADGRG7",55.0065296874963,21.5702742543935,2.0703209072121,10.4188071420484,2.03489288559947e-25,5.40947981457201e-22
"P2RY10",25.9187061637815,19.2095280462262,1.84381508279879,10.418359316742,2.04449560715151e-25,5.40947981457201e-22
"IGLV2-18",106.802811496207,20.3395495771643,1.96763045746701,10.3370780320955,4.78917717857278e-25,1.12636125932056e-21
"IGHV4-4",118.543948023087,21.6182122541516,2.10610889151288,10.2645273192036,1.01818378341799e-24,2.15518961436086e-21
"IGKJ5",146.662795870997,21.7143079312103,2.12713122206493,10.2082597001848,1.82101588377246e-24,3.50413120107378e-21
"MUC2",216.396956376882,21.3168596337963,2.17185718355889,9.81503746893047,9.700194730862e-23,1.71103351556797e-19
"IGHV1OR15-1",39.7777933505356,20.336274810878,2.08656797086726,9.74627958198045,1.91352761272777e-22,3.11566453681606e-19
"LOC102724760",36.1241034613965,20.2267880657461,2.14489166960929,9.43021428650081,4.09252020421913e-21,6.1875982259076e-18
"PKP1",97.1335903420157,20.1753288860162,2.24470537602473,8.9879630090902,2.51854772107151e-19,3.55400664079471e-16
"BTLA",16.6357932535862,19.58205071467,2.19988350469059,8.90140349382919,5.51448963480908e-19,6.86618835882375e-16
"KRT16",1877.51303339107,19.7606509348709,2.21877146328968,8.90612271782719,5.28484255205852e-19,6.86618835882375e-16
"MUC17",5111.84831731275,20.9446172719958,2.38252793850629,8.79092200074129,1.48337530185672e-18,1.74436694524451e-15
"TIMD4",27.4185293663273,20.0763946454011,2.52101890917857,7.9636033558918,1.67100312089208e-15,1.86158542420646e-12
"ELK2AP",26.4222098877699,19.5486028163495,2.50736083014148,7.7964856838122,6.36550401718277e-15,6.41612493008132e-12
"IGKV1-37",50.6676468508564,19.7946400175785,2.53830755873806,7.79836153008172,6.2716119164759e-15,6.41612493008132e-12
"IGLV3-9",41.1119064493079,19.0936570034319,2.49739645855206,7.64542487359095,2.08256515981921e-14,2.00371166990424e-11
"KRT16P2",12.4581537633593,18.8180166510411,2.63119267826148,7.15189609887283,8.55873429917138e-13,7.87664038741567e-10
"UGT3A2",6.63229893945927,18.8220568134648,2.63659125602998,7.13878450837537,9.41598118970399e-13,8.30450307676935e-10
"KLHL14",7.29252762996426,18.6257175893598,2.67981607748021,6.95037161164927,3.64325233036335e-12,3.08466888307204e-09
"ANKRD30A",19.4199427291497,20.3168153185221,2.96161430549764,6.86004767089624,6.88375727441456e-12,5.60417270105896e-09
"IGLV2-14",1093.5914901422,10.6226980141655,1.63603426776489,6.49295569381801,8.41684488059127e-11,6.59849465138798e-08
"IGKV1-5",1666.151512692,11.0209689546901,1.71919728121443,6.41053186572339,1.4501283903585e-10,1.09624527281137e-07
"IGHV3-33",555.334063062886,9.55763510537668,1.5278833681396,6.25547427550988,3.96309666171207e-10,2.89265058753308e-07
"IGKV2D-28",605.940015114253,8.52435915738103,1.38488686835948,6.15527473914088,7.49474540696089e-10,5.28804253430471e-07
"IGKV2-28",621.243520400462,8.41501461189267,1.37485041985117,6.12067646806523,9.31789251855634e-10,6.36231712710587e-07
"KDM5D",1731.27662766923,12.4819753528278,2.04397628007061,6.10671242838325,1.01704244302337e-09,6.72741793483615e-07
"IGKJ4",420.950990975773,9.34535442579377,1.57695199759288,5.92621363241167,3.09999247297038e-09,1.98841032349588e-06
"MUC5B",39609.2749005528,6.16446216565308,1.04329261831849,5.90866077015725,3.44900109862148e-09,2.14720606630943e-06
"IGKV1-12",687.557122153548,9.36516957873681,1.61616735443841,5.79467810249826,6.84523463239727e-09,4.13980232754151e-06
"IGHV3-30",468.084408458872,9.34024948567119,1.61659658041766,5.77772438641311,7.57177065359462e-09,4.31343774138455e-06
"IGKV1-39",1560.9340070666,8.4525680524679,1.4633220133517,5.77628708879154,7.63670289742096e-09,4.31343774138455e-06
"RPS4Y1",2847.37939023629,12.0691442070205,2.0902770812664,5.77394466752151,7.74368754063461e-09,4.31343774138455e-06
"IGHV7-4-1",50.1230276496073,18.934940201697,3.28643152869535,5.76155019094946,8.33448706482077e-09,4.52348942823234e-06
"IGKV1D-39",1499.20133761769,8.48887664663176,1.50536633801988,5.63907696899735,1.70964109913739e-08,9.04699328636029e-06
"USP9Y",2714.61660775369,12.3574745235278,2.22296290883674,5.55901066743143,2.71308117027891e-08,1.40067778369009e-05
"IGLJ2",680.53213050951,9.55975443122476,1.72423855520722,5.54433399157802,2.9507513122038e-08,1.48710840536709e-05
"IGHV3-74",223.731763422502,8.59970072490302,1.55323697259102,5.53663148422064,3.0834437860045e-08,1.51784313065947e-05
"DDX3Y",1315.5542942772,11.3997075129541,2.06318907213601,5.52528494208824,3.28951293468216e-08,1.58248000655494e-05
"IGKV3-15",719.609120750314,9.56890704457837,1.7370599456665,5.50867980604253,3.61534833594518e-08,1.70057951615448e-05
"IGLV2-23",603.275512786453,9.20841065352186,1.67378068978587,5.50156344240052,3.7643810816771e-08,1.73218813817085e-05
"IGKV2-30",314.979999069896,8.72802492945641,1.60548298308288,5.4363858237206,5.43721528174458e-08,2.44871352912101e-05
"IGHA1",6924.85958946488,6.13013911679169,1.13593777360461,5.39654482774987,6.79364439550544e-08,2.99585564415966e-05
"IGHV4-39",334.755116819119,8.99940689055924,1.6786146799857,5.36121064462267,8.26660541181617e-08,3.57100483167169e-05
"CYP2C18",322.805817025079,8.14002999024321,1.53027654330376,5.31931958694828,1.04156038251385e-07,4.40934172333414e-05
"SERPINB4",273.648464307249,16.2121312549905,3.06048595231252,5.29724086553659,1.17565572687123e-07,4.87943230797712e-05
"KRT5",2844.35470964175,9.17844587128621,1.76790841895457,5.19169758618704,2.08385281935616e-07,8.48248319755999e-05
"IGKV1-33",735.97623444488,9.11958839329455,1.77073256193939,5.15017828740119,2.60238959951289e-07,0.000103933548401678
"DUOXA2",348.122919489826,8.61329990088388,1.67753026283822,5.13451237911559,2.82876475583872e-07,0.000108866297430615
"IGKV4-1",392.189371659994,8.49099769754123,1.65306686349736,5.13651194941805,2.79884562092278e-07,0.000108866297430615
"COL22A1",149.004083585162,6.83741087874873,1.34073107724145,5.09976310299056,3.40078846943214e-07,0.000128543731307982
"MUC5B-AS1",1016.69446900968,6.01508605926166,1.18918243788888,5.05816926622301,4.23300625782013e-07,0.000157193058700489
"ZNF534",8.86977087822499,-5.9249328601365,1.1732561336924,-5.04999095252108,4.41830990241759e-07,0.00016124545811116
"TXLNGY",476.3448193969,10.9571580649514,2.1890504103346,5.00543889406208,5.57348919624739e-07,0.000199956009859269
"IGKV1-27",438.220236224573,8.77380282266293,1.75760995661366,4.99189412852848,5.97900277857737e-07,0.00020810695698913
"MAP4K1",198.798190773105,5.46520192189956,1.09494482972782,4.99130346435639,5.9973186452199e-07,0.00020810695698913
"APOC1",487.856080363278,5.88519580176288,1.18185030728541,4.97964570088457,6.37007810041494e-07,0.000217476521212069
"CYP2C9",249.010617718793,8.39301089942767,1.69046783600979,4.96490422393287,6.87349820802141e-07,0.000230938629474904
"IGHJ5",219.705290489669,8.31723396204278,1.68684906274798,4.93063318213753,8.19635142149091e-07,0.000271035686388075
"IGKV3D-15",308.820133106895,8.53035246895481,1.73112441215212,4.92763686369021,8.32301205424711e-07,0.000271035686388075
"CDKN2A",42.4793740277819,6.62015952295623,1.3479047782965,4.91144450969519,9.04078739657552e-07,0.000289949010338355
"CYP2C19",269.435236277682,8.43683629043951,1.73769792757074,4.85518003824405,1.20277415352088e-06,0.00037998687324741
"IGKV2D-30",177.071601740891,8.04753406678828,1.66089525460273,4.84529897023106,1.26421161786939e-06,0.00039352304875649
"IGLL5",2909.4934078608,5.89314032272631,1.21792329177559,4.83867938360455,1.30704696008921e-06,0.000395232328631548
"SPMIP1",5.28259210877277,-4.52076689211105,0.934193189929953,-4.83922056041751,1.30349325112873e-06,0.000395232328631548
"JCHAIN",1607.02510539617,5.70698091503509,1.18215321559156,4.82761526997096,1.38177710609931e-06,0.000411944732462029
"CYP4F11",163.873052702563,7.66874965557427,1.59146839227338,4.81866287310905,1.44523519040188e-06,0.000413395855070764
"IGLC1",2881.71191420524,5.85935548624294,1.21515612015693,4.82189521909846,1.42200641033507e-06,0.000413395855070764
"MYH1",48.9086900425677,6.8939098340417,1.43023680442114,4.82011776842217,1.43473499798962e-06,0.000413395855070764
"IGHV3-23",824.083469015122,6.52802641726035,1.36636278048405,4.77766703726202,1.77340716939134e-06,0.000500502794060088
"STRA6",477.242357509338,7.95033059950058,1.6658260081494,4.77260563864816,1.81857665694117e-06,0.000506497527598339
"IGLC2",8673.30556749922,5.35811058611319,1.1242483915473,4.76594907886754,1.87966731096652e-06,0.000516713220405564
"DUOX2",4573.28367706647,5.90629960370794,1.24295516353594,4.75182032061863,2.01593479752926e-06,0.000547067844350025
"AKR1B10",836.319388245206,7.93561716439247,1.67234093429556,4.74521492696415,2.08285059689689e-06,0.000558072133981222
"IGLC6",373.666659600699,8.39087703894729,1.77282854673609,4.7330448589603,2.21176582681769e-06,0.000585205590703125
"CRISP3",395.170764534831,8.22697091435127,1.74731595389278,4.7083476208311,2.49732949435878e-06,0.000652604609964102
"TCN1",3262.74439658132,5.36742449919979,1.15161851363163,4.66076607458628,3.15034612072811e-06,0.000813211906554291
"CDSN",69.2952600651493,6.32228153516536,1.35906943732047,4.65191943954705,3.28859560019213e-06,0.000828686941300795
"LOC101929532",120.763017630932,6.24428295778125,1.34207105614752,4.65272157474714,3.27582432400361e-06,0.000828686941300795
"ALPK2",105.005274015512,7.39899053735889,1.60604246487132,4.60697067431011,4.08577597153369e-06,0.00101613386440522
"WFDC1",38.722073961237,-6.26524474632498,1.36058781252959,-4.60480734034852,4.12847887460903e-06,0.00101613386440522
"SMIM24",102.858679183671,7.08293921558344,1.54220379019044,4.59273882001599,4.37466429509321e-06,0.00106435079464641
"CEACAM6",16344.137343511,5.15520834411361,1.12559315307983,4.57999262878245,4.64992317733347e-06,0.00110589802128784
"IGKC",9841.53702298727,5.09722740485221,1.1127269001938,4.58084315564265,4.63105066503078e-06,0.00110589802128784
"IGLV3-21",102.486978536676,7.9109955918751,1.74756545651224,4.52686654018884,5.9864720356632e-06,0.00140795170643203
"CDH17",533.312607269765,6.80659652703668,1.50662072943126,4.51779030652666,6.24883216435715e-06,0.0014535058288236
"RGS7BP",38.1990504645104,6.12590206241402,1.35918212914899,4.50705018189841,6.57350912621679e-06,0.00151240725733294
"ABRACL",42.7525015632098,5.00100214275094,1.11059093703229,4.50301004266665,6.69977165822591e-06,0.00152488243752331
"IGHM",3265.95389376373,5.62345185229113,1.25640891226443,4.47581340549071,7.61209454022477e-06,0.00171409792694614
"IGHV1-18",209.503043457492,7.81796272216007,1.75066029076189,4.46572231255537,7.97990593395837e-06,0.00177800704109576
"SLC5A1",1075.40298551466,4.33036229586099,0.972172577176755,4.45431438565837,8.41617023824372e-06,0.00185567786909276
"SSX2IP",246.414991646481,2.06544533425296,0.465014437644294,4.4416800147459,8.92592285583916e-06,0.00194778359886131
"FAM106C",35.6670142272073,6.50019896396556,1.46435540136067,4.43894901328298,9.03992268025699e-06,0.00195253105482653
"SIGLEC6",31.9712037574947,6.41505833507046,1.44800077879484,4.43028652264238,9.41079671478479e-06,0.00201210438446313
"IGLJ1",194.66803219634,7.69350224556151,1.73925460019,4.42344797864616,9.71380297265751e-06,0.00205612067522241
"TFF1",1454.41566651573,7.73574941975346,1.75737674314695,4.40187310428439,1.07320321634625e-05,0.00224915767132683
"HOXD8",22.6146143512888,5.75611200474033,1.30830584427817,4.39966849488174,1.08416369954632e-05,0.00224985225767617
"CTSE",3088.05013578196,6.13330187559781,1.39628388610614,4.39258945593217,1.12008518330246e-05,0.0023018294247537
"H2AC4",76.6775747557057,5.38732426978934,1.22978877306193,4.38069072331499,1.18303689673405e-05,0.00240782134549707
"ISCA2",67.8784078027661,2.26666681457403,0.517819847941213,4.37732702519229,1.20143641201936e-05,0.0024219813841156
"FAM106A",30.3826162878536,6.59395541954819,1.51064429952343,4.364995400723,1.27125433282006e-05,0.00249958263944516
"LOC105373796",16.1771633580924,5.53720892893502,1.26875339208571,4.36429093587082,1.27535751433872e-05,0.00249958263944516
"LOC112268252",2864.87504962367,6.2418679452663,1.42968843630309,4.36589384565957,1.26603958108071e-05,0.00249958263944516
"IGKV3-11",1197.22783206067,6.43582488200738,1.47712590547066,4.35699141025945,1.31862440744252e-05,0.00254032941126924
"NELL2",83.5861864932774,5.18488680031664,1.19008455799132,4.35673815402491,1.32015040033834e-05,0.00254032941126924
"FOXS1",46.1552674398124,6.15461791175295,1.4164969236931,4.34495677950827,1.39303087884196e-05,0.00263735833227133
"ZFY",450.702778517036,9.7540613868182,2.24511599048742,4.34456902367016,1.39549361371186e-05,0.00263735833227133
"GCNT3",615.989662242574,5.72263695418584,1.32394272452322,4.32242033449498,1.54326815386009e-05,0.00289082805422624
"HROB",26.2136206735421,5.43997346632266,1.26156430182149,4.31208576405361,1.61721675615277e-05,0.0030027743050426
"IGHA2",3919.68349351958,5.67990943327366,1.31790365690574,4.3098062620217,1.63397628809851e-05,0.00300751096436357
"IGKV1D-12",209.630187976465,7.91698326140374,1.84210492313794,4.29779170662958,1.72508154578937e-05,0.00314782767928651
"ADGRF1",175.09984946402,6.56375535199163,1.53082880217447,4.28771352006713,1.80521702628931e-05,0.00323822277927677
"LAX1",43.233685509952,7.04104929543626,1.64147478941177,4.28946538859694,1.79103721047234e-05,0.00323822277927677
"FBXW10",26.917107558408,6.37949490565144,1.49635073284917,4.26336871804406,2.01367828578031e-05,0.00355196068959265
"SGTB",125.044976382303,2.73368922617137,0.641031865089218,4.26451378636365,2.00337974871303e-05,0.00355196068959265
"PIGR",6194.89051362007,4.37358773504901,1.02970497255918,4.24741829125979,2.16247992080592e-05,0.00378291012261975
"COMMD2",182.306335839391,-1.11249575355912,0.262644387889998,-4.23574919112705,2.27790925623657e-05,0.00392109873756033
"CSPG4",347.959581296778,-3.8643380220276,0.912328172851122,-4.23568857898045,2.27852385656881e-05,0.00392109873756033
"IGKV2-24",138.305309837903,8.63944216542669,2.04062362190954,4.23372643179648,2.29850526726571e-05,0.00392358556388816
"CLDN24",15.8438236800496,5.42588148602369,1.28716612196152,4.21537002368829,2.49368981108638e-05,0.00422271457850123
"SERTAD4-AS1",15.27050008187,5.19380577084168,1.23334278240855,4.21116160480454,2.54060910985774e-05,0.00426802166891736
"CTNNA2",31.6512179484608,7.34563824261131,1.75778949414874,4.17890667060145,2.92913849936622e-05,0.00488197437921928
"ERN2",697.018505456032,4.6974048634424,1.12529048582069,4.1743931212717,2.98781443744859e-05,0.00494086470292768
"MS4A8",142.899985050476,6.45397604702279,1.55030363292241,4.16304000710923,3.14038317853207e-05,0.00515290625891382
"IGLC5",215.386495338235,7.38996969267281,1.78888921008752,4.13103821690068,3.61128532548318e-05,0.00587726517716277
"NUGGC",26.1188694759587,6.02903080220254,1.46003160213544,4.12938377045022,3.63736825345265e-05,0.00587726517716277
"TMPRSS4",1159.391840302,6.31676415062586,1.53130447154593,4.12508698825176,3.70594660604538e-05,0.00594270998561837
"ACOXL",19.6422490506151,6.66085621054481,1.61596651177557,4.12190237978762,3.75756437746368e-05,0.00598017783291532
"IGLV3-1",307.974116491289,6.99460717661879,1.69849000914679,4.11813265839134,3.81954814214847e-05,0.00603346086006392
"LEF1",208.541097803235,6.27323527464481,1.52420829104288,4.11573359855733,3.85949882120507e-05,0.00605140826284798
"CD38",45.1646199846888,6.49337135759302,1.58178168612838,4.10509959404474,4.04140727299906e-05,0.00629003439320375
"IGHV2-5",117.094360350244,7.84580365084093,1.9195663703514,4.08727917514238,4.36461785788089e-05,0.00674349388304853
"SEPTIN7P9",15.8095353265625,5.67551446054966,1.38938478860837,4.08491190279573,4.40935427114147e-05,0.00676324651139503
"PDRG1",67.3735286156954,1.52311700177488,0.373223171579422,4.08098188365232,4.48458507910627e-05,0.00682915196902463
"OTOAP1",28.3019873688175,4.65738781844089,1.14495471088069,4.06774850933491,4.74695726702361e-05,0.00717706031936348
"CENPK",58.0215166240774,5.01847096930376,1.2353774223494,4.06229778731086,4.85920348279719e-05,0.00729329473873776
"IGHV4-59",503.589168269052,5.94588331390155,1.46425369398806,4.06069203602777,4.8927474507524e-05,0.00729329473873776
"CACNA1S",17.0296506111383,-6.10792523977478,1.50607523049376,-4.05552466178754,5.00218940512604e-05,0.00740428972995125
"POTEE",117.993649929479,-3.83224111288742,0.945822063552495,-4.05175694304865,5.08344592575525e-05,0.00742077930416975
"SIGLEC17P",20.4660735720929,5.83486291560811,1.43979425261544,4.05256716715521,5.06586733936552e-05,0.00742077930416975
"IGHV4-28",86.7560455766082,6.720614523718,1.66302409085869,4.04120094270424,5.31781661973594e-05,0.00770442068295239
"SLFN13",309.924156509626,2.28366182758513,0.565518761882256,4.03817164258929,5.38694317133724e-05,0.00770442068295239
"TAF1B",241.962929669084,1.40841895800298,0.348673477669759,4.03936361152465,5.35964227448315e-05,0.00770442068295239
"EMBP1",53.6765599307161,4.09951121939477,1.01644724219107,4.03317658726467,5.50278963340166e-05,0.00781728511209483
"CTAGE4",1262.08049487218,1.79094839968101,0.444266483338054,4.03124806135382,5.54814480906358e-05,0.00782917207822991
"GJB3",161.24912046342,5.90644619409991,1.46761467665624,4.02452107358106,5.70913818709282e-05,0.00800300185471481
"IGKV1D-16",121.774702780503,7.28616374124356,1.81251911435067,4.01991001559936,5.82203745007102e-05,0.00810757017800351
"SERTAD4",31.6676547221642,4.53044238450291,1.1278255002577,4.01697105045749,5.89509627459599e-05,0.00815565378067799
"IGLV2-11",781.764944718682,6.03852113041694,1.50672984152908,4.00769996317911,6.13129434613485e-05,0.0084273446379634
"G0S2",120.634790358313,-3.28797429054969,0.822127879221578,-3.99934654163883,6.35176173992825e-05,0.00867404779026202
"ADAMTS18",46.5793943954627,6.51929582546875,1.63193567361218,3.99482401842392,6.47423241072253e-05,0.00872479712853205
"CYB5D1",163.484610043232,-2.07639770818817,0.519793608771416,-3.99465802031683,6.47876991585099e-05,0.00872479712853205
"SPEG",291.942751955388,-3.5496064288663,0.888862773918679,-3.99342455665834,6.51258065057903e-05,0.00872479712853205
"ABCD2",27.8530272711132,6.07001244932121,1.52141311709447,3.98972007084667,6.61513186735937e-05,0.00880644630417584
"IGHV1-46",104.452861995704,7.02405759840527,1.76511815854382,3.97936963279553,6.90982380218703e-05,0.00912193921382695
"SEMA4A",1071.55351545734,-3.13378730147787,0.787702121957542,-3.97839134124712,6.93831064121575e-05,0.00912193921382695
"MZB1",36.3772698123408,6.35472736437964,1.59911459484154,3.97390367449516,7.07041668337534e-05,0.00923824135413616
"MCF2L2",76.2567634590502,2.770615670389,0.697724702475866,3.97092959523651,7.15927357330371e-05,0.00929695360282943
"KIF18B",41.4213863854044,5.61505623671545,1.41671141010011,3.96344392844177,7.38762213021814e-05,0.00953498766038581
"CEP128",368.161302565777,2.07644851958842,0.524414891039233,3.95955293236148,7.50902004000746e-05,0.00961115146779856
"MORN3",9.11980681811953,4.49482907460215,1.13544480385687,3.9586504419538,7.53744575827733e-05,0.00961115146779856
"KY",15.2392262522898,4.65056739481626,1.17615898361895,3.95402956537969,7.68459075280538e-05,0.00974010374039709
"EYA4",47.7225827258767,6.2109153379048,1.57191075396954,3.95118827339301,7.77641159122862e-05,0.00977052474235374
"IGKV1-6",389.900672073772,7.81624870119329,1.97880819483645,3.9499779319639,7.81583990062759e-05,0.00977052474235374
"IGLJ3",201.674449919652,6.90578107820066,1.74900624596278,3.94840275393025,7.86743629234184e-05,0.00977052474235374
"SAMD4A-AS1",16.1815496219685,5.95704278038818,1.50902171256455,3.94761899765134,7.89322875675575e-05,0.00977052474235374
"MUC5AC",10788.0708837801,6.00507795905754,1.52238309441654,3.9445248578243,7.99583594997208e-05,0.00983999183448017
"TCEAL5",20.0497492721881,5.9926011323495,1.52068418685777,3.94072693340236,8.12350585806352e-05,0.00993932072240638
"FOXD4L1",38.8784517926352,5.55531855509723,1.41144649772178,3.93590445267609,8.28839467221261e-05,0.0100827844842945
"GPR173",19.2272744901152,5.81749799965199,1.4796839843287,3.93158137904104,8.43889200450211e-05,0.0101492060829146
"IGLC7",222.975985523933,7.03576593155521,1.78953380327159,3.93161946351199,8.43755498282618e-05,0.0101492060829146
"IGLV3-25",79.9253558719012,7.02987162544349,1.79074580411433,3.92566695356315,8.64897561425041e-05,0.0103430998207253
"MITD1",190.153059887127,1.14339637546283,0.291631741624983,3.9206856191023,8.82973932697193e-05,0.0104999490075289
"MUC3A",1093.23504571454,3.9247209553738,1.00187625712834,3.91737096018539,8.95199371793714e-05,0.0105858575993059
"LOC105372815",901.35448146582,6.96237768008879,1.77808586408648,3.91565886705129,9.0157653215186e-05,0.0106020391422547
"FAM106B",23.5080984890903,5.83710812410093,1.49338148092282,3.90865174013941,9.28126445559552e-05,0.0108539516426293
"MYH2",42.6792379493939,5.97165714012301,1.5295665853475,3.90414984043754,9.45571862205915e-05,0.0109972085754465
"SDR39U1",253.42167018143,-1.02972240346437,0.264377044850696,-3.89490095119979,9.82388651021559e-05,0.0113629620634827
"DDN",2.34353879945197,-5.27529093779494,1.3554512691591,-3.89190748337832,9.94591734060912e-05,0.0114415887146018
"FER1L6",669.649515831779,6.83515126587591,1.75781573071153,3.88843446241614,0.000100892905269737,0.0115437844640244
"ANKRD20A9P",88.663728590589,-5.44932846268886,1.40878673104241,-3.86810036083796,0.000109686522191769,0.0119230643438407
"EXO1",52.4935415495378,5.52176049603756,1.42600419662383,3.87219091578463,0.00010786141141378,0.0119230643438407
"FAM83E",193.75219994774,5.63396152727181,1.45498666320819,3.87217399975964,0.00010786889960166,0.0119230643438407
"GOLGA6FP",37.785487122286,5.7932144280505,1.49762226333279,3.86827477788581,0.000109608110294532,0.0119230643438407
"IGHG4",3179.02881308972,5.42953888915051,1.40245470280295,3.87145401437851,0.000108188069412551,0.0119230643438407
"IGKV1D-27",67.925112748374,6.0629828222849,1.56517920859957,3.87366685487069,0.000107209944991376,0.0119230643438407
"MIR3606",3723.04693586996,4.33688252518372,1.11868592021679,3.87676509269312,0.000105854467727646,0.0119230643438407
"MLST8",237.338550351689,1.24908224267299,0.322330213524667,3.87516338916645,0.000106553180029963,0.0119230643438407
"WDHD1",148.992193233828,2.13521552819132,0.550976006686384,3.87533304949645,0.000106478963422759,0.0119230643438407
"ZNF883",29.9417297963764,-2.44398466917507,0.631886686662136,-3.86775781285268,0.000109840674023194,0.0119230643438407
"IGHG2",6732.64199615853,4.4682312905424,1.15617673012996,3.86466114920003,0.000111243525472005,0.012013733181969
"LOC284009",7.50755441532202,5.33006755044585,1.38081056786817,3.86010049059439,0.000113340404859403,0.0120556600485377
"PRKY",139.897953085909,6.29254182804752,1.62994307396016,3.86058993628469,0.000113113596600043,0.0120556600485377
"TMEM119",105.612486456651,5.09994011015394,1.32093617859074,3.86085277457908,0.000112991974552262,0.0120556600485377
"SGIP1",205.108523284709,3.26650254022423,0.846835400428624,3.85730513694974,0.000114644009688294,0.0121333487653606
"MIR200B",6.05780392107133,5.22396838503248,1.35656434308383,3.85088139141046,0.00011769349146402,0.0123941200687508
"LOC105369755",45.1526424247505,2.411486168356,0.627140136323744,3.84521102809969,0.000120448734898496,0.0126214770871112
"IGKJ3",128.092046397516,7.28311598089981,1.90082474624568,3.83155574720116,0.000127335513528035,0.0132773931765908
"CRHR2",29.5573430616636,-3.16401240640529,0.828724023423953,-3.8179325287722,0.000134574715877456,0.0139634461322457
"BNIP5",192.052720838648,5.06743820052843,1.32968669943071,3.81100164625095,0.000138404845396443,0.0142908066463732
"CFAP61",12.8922012007969,5.34362056563935,1.40347539140198,3.80742020727663,0.000140424026171469,0.0144289095241334
"KIF20B",217.747439092334,1.78341107632624,0.469231776032262,3.80070397492351,0.000144285590561075,0.0146831398817609
"VSTM2L",56.3453891089027,5.41680184408896,1.42514130432948,3.80088755243644,0.000144178724453622,0.0146831398817609
"CST1",796.381322424601,6.62487195922264,1.74533202702261,3.79576599561065,0.000147188284549734,0.0149068632491111
"RNASE6",50.4923114529253,4.35865900754506,1.14879302483339,3.7941203622621,0.000148167791346407,0.0149346078068066
"NUDT1",74.7011459751036,3.15828873397806,0.833410468717335,3.78959570646964,0.000150892668015603,0.0151371805871388
"CENPE",231.986861337821,2.99445413641776,0.791344360065994,3.78400894418207,0.000154322273623032,0.0154082054989562
"C4BPB",46.4749188821337,4.80841242515068,1.27883373085656,3.75999812104581,0.000169914633190749,0.0168064628072364
"TBX18",22.3362426238346,-4.14613656547718,1.10259207081232,-3.76035405589537,0.000169673041373904,0.0168064628072364
"KLHDC8A",14.9661144910772,5.32236151387389,1.41753998933099,3.75464646777674,0.000173586314587016,0.0170897745156436
"SCD",1325.35353977876,3.46602287230635,0.923550526044631,3.75293259498274,0.000174777862473869,0.0171274213656685
"MMP11",1665.98392348254,4.47322856357126,1.19239566160746,3.75146329997623,0.000175805490318467,0.0171487318597742
"CGB7",54.2476866328151,-4.91453108424848,1.31297806331322,-3.74304127507429,0.000181806350987298,0.0176226145054344
"FAM27E3",77.8472467792949,2.71081194555407,0.724588217304983,3.74117585797434,0.000183161297831321,0.0176226145054344
"TP73",12.0292481287687,5.02987278839342,1.34442175946607,3.74129082111182,0.000183077520537296,0.0176226145054344
"IGLV1-44",228.442572951529,6.12722549258024,1.63846334620736,3.73961706666388,0.000184300801869864,0.0176520139057892
"BDNF-AS",16.5620646345349,-2.23687720547822,0.598973582921979,-3.73451729634893,0.000188075566078434,0.0178519977900548
"MCM10",45.6730024726432,5.05466401802607,1.35318978047413,3.73536963621985,0.000187439661621589,0.0178519977900548
"NOX5",12.9083780193282,5.62822896723048,1.5076850020261,3.73302709761454,0.000189192231792542,0.0178778212962176
"ADGRG3",52.3780704636432,-4.21804092751275,1.13055186213962,-3.73095748082704,0.000190753418861446,0.0179452338535121
"MIR34AHG",12.8025285553251,5.09689206639173,1.36753519243494,3.72706464490801,0.000193722784207332,0.018143938819985
"EPS8L3",530.472414756692,4.14104252502204,1.11141030965364,3.72593495764184,0.000194592581636884,0.0181451153106076
"TMSB15B",10.3547494050399,4.76948231760117,1.28106713151379,3.72305416341863,0.000196827276159193,0.0182729954143055
"SPDEF",55.860481297468,5.90919632475676,1.58867131924955,3.71958393983479,0.000199551222410131,0.0184449813308089
"SGO1",24.6613084756556,5.34038382900266,1.43629651768449,3.71816248472989,0.000200677183632431,0.018468408460642
"C1orf53",9.96194049516224,4.70767394423315,1.26839181731042,3.71152973393947,0.000206010462387567,0.0187151221345821
"IGHV3-53",317.683161638015,7.94115576263907,2.13926989320079,3.71208690772413,0.00020555737691957,0.0187151221345821
"KCTD19",10.4132778088705,5.6836493033466,1.5309620145875,3.71246918551274,0.000205247055872866,0.0187151221345821
"TCEAL7",16.9155588908538,4.77867352459271,1.28790766323813,3.71041625187467,0.00020691874146791,0.0187173034215865
"CRACD",340.875995327969,2.91432234299825,0.787112317379455,3.70254953283026,0.000213443670896055,0.0191439075502407
"PRR5L",70.6537988461145,3.2707717720226,0.883373284935874,3.70259303490261,0.000213407063311457,0.0191439075502407
"CCDC87",8.06898315904705,4.86443187124816,1.31734523032191,3.69260218147939,0.000221971108186052,0.0198247360631821
"SNORD6",11.172476409717,4.55833958966895,1.23491395700798,3.69122039944641,0.000223180641310011,0.0198490110697857
"LOC107986160",8.82265026057946,5.00216039895161,1.35651906852357,3.68749729732583,0.000226470498242447,0.0200573265117065
"RPP30",156.335933125749,1.49752349175061,0.40660603968978,3.68298388507249,0.000230519737241572,0.0203308803258014
"CARMIL2",51.3586826188382,3.40089825116726,0.923787989662334,3.68147052053617,0.000231892605101298,0.0203670986397476
"FOXF2",53.9380917612203,4.9823790332292,1.35392366728821,3.67995563827351,0.000233274531492226,0.0204038099508097
"GALNT5",514.931651499162,4.97805215937314,1.35519015944633,3.6733237211573,0.000239415860189836,0.0208069804392838
"ZNF818P",14.6917606476879,-5.52787268794918,1.50505903009822,-3.67286104890413,0.000239849918608459,0.0208069804392838
"PMAIP1",24.8767723556837,5.00768550101539,1.36454296080617,3.66986283675294,0.000242680651085948,0.0209666177205562
"IGHV4-61",273.254399377305,5.29564660167867,1.44387115510618,3.66767255024859,0.000244768366952812,0.0209757571793125
"WNT7B",30.2205277369175,5.34892447087896,1.45819390108439,3.66818464053458,0.000244278754129977,0.0209757571793125
"IGLC3",7383.34875810971,4.20682376431862,1.14734946555961,3.6665583508742,0.000245836842385804,0.0209823727531464
"CD4",328.170562413181,2.53971183073243,0.694560570574309,3.65657357807171,0.000255609065850201,0.0217288236821333
"MSANTD4",107.323291693663,1.55417199750629,0.425728770571279,3.65061537988324,0.00026161275417856,0.0221502286707904
"CSF3R",403.765116345749,-3.12718569741264,0.857697687016464,-3.64602323726753,0.000266329903076685,0.0224185150568432
"SLC51B",3.6449393228977,-5.03710659480593,1.38174267176194,-3.64547371789771,0.000266899692650092,0.0224185150568432
"IL21R",27.2768121175263,5.91082526311356,1.62553519927764,3.636233325332,0.000276653763447845,0.0231459692130456
"MAST1",33.3408546720226,3.93594889001894,1.08280372825695,3.63496060025105,0.000278023122037832,0.0231689583628929
"GPC2",8.50560227413208,4.8732649136473,1.34461562975458,3.62428102560193,0.000289766402044176,0.0240528840473297
"NECAB1",20.6022063407857,4.6777794397161,1.29125030143574,3.62267442223625,0.000291572722832091,0.0241082805632299
"IGHV4-55",90.8294802556128,6.0457386095377,1.66978678973466,3.62066501346463,0.00029384676906799,0.0241131449731632
"TRGV3",20.4570299177642,5.22285152340875,1.44293272773652,3.61960847031424,0.000295049111732851,0.0241131449731632
"USP17L2",298.942852141228,2.89645326762378,0.800192703092177,3.61969467658359,0.000294950836889355,0.0241131449731632
"RORB",17.0395034304836,5.35051533673663,1.47998984629682,3.61523786810059,0.000300071970057397,0.0244293207315574
"CYTL1",17.5460528998871,6.13296822268756,1.69832728094008,3.61118159704339,0.000304805134517503,0.0246472389924278
"SH2D1A",23.1100218701151,5.62914135405836,1.55890872385456,3.61094993434878,0.000305077555440832,0.0246472389924278
"LOC102723407",205.644060677686,6.66929407118898,1.84798585053178,3.60895299564648,0.000307435302423621,0.0247432815452501
"IGKV3D-11",111.823823599413,6.28807582052379,1.74567615505896,3.60208610417286,0.000315673762280649,0.0253101004780095
"DLGAP5",110.251181215503,5.8703560157529,1.63253723870216,3.59584815377304,0.000323336373182416,0.0258266453251026
"KRT6A",6644.44353689082,8.38438482583407,2.3432833452482,3.57804993699813,0.000346167323491359,0.0275463298358707
"ST6GALNAC1",229.864008838711,4.92795508513177,1.37816464267489,3.57573756613511,0.000349241863947198,0.0276869008770425
"IGHV3-72",196.826652788052,7.39116503731691,2.06795595232384,3.57414045933192,0.000351380277984797,0.0277524863585977
"JPH2",99.7968028393633,-4.93717001426751,1.38196254000194,-3.5725787576417,0.000353483124121504,0.0278147854582895
"DDX11L5",7.86581712933086,5.47768099728063,1.53612652730335,3.56590482614517,0.000362602955775617,0.0283236451214993
"FLNC-AS1",54.9745376520814,-4.20926264351385,1.18042478754473,-3.56588804973255,0.000362626155238168,0.0283236451214993
"ULBP2",52.2807196661303,6.31994615817894,1.77363665947156,3.56326992026762,0.000366263724661209,0.0285025891908229
"MAPK1IP1L",275.413730857388,-1.08588179890893,0.305917662185733,-3.54958844530411,0.000385833831301573,0.0299155483778769
"NTRK3",214.984963807072,-4.27018088794228,1.20383097231052,-3.54715984732183,0.000389408245715996,0.0300824975805492
"PLSCR2",20.9455349011435,-2.46266787064502,0.69495695972786,-3.54362645941322,0.00039466398563434,0.0303776457597167
"BCAS1",725.950114823252,4.13512181317897,1.16745037781371,3.5420107713039,0.000397089259014043,0.0304535809621386
"IGKV1D-17",70.1079483173396,6.85449943792424,1.93924921303012,3.53461504167065,0.000408369626507652,0.0312056313512183
"AQP9",56.4688302877756,-4.07908416530983,1.15485053111953,-3.53213169617326,0.00041222400524854,0.0313868543852369
"CYP2A7",10.0312417709973,4.91252407350412,1.39167360778076,3.52993981206405,0.000415654213491035,0.0315345976235296
"IGKJ1",410.423010978353,5.34800863194207,1.51607266760378,3.52754109101831,0.000419438652957139,0.0317080641683706
"CCL4L2",289.77883483324,-4.30740788477332,1.22282606764851,-3.52250250361154,0.000427493003963913,0.032047547216087
"GZMB",16.4220226376812,-3.97451951297249,1.12842525149615,-3.52218235785028,0.000428009616047709,0.032047547216087
"LAMP5",49.1111227050296,4.65765928248863,1.32283743204377,3.52096120782778,0.000429985515631346,0.032047547216087
"LOC105370884",10.8779582809491,4.91966523259152,1.39724951499563,3.52096399375519,0.000429980998144063,0.032047547216087
"IGIP",29.7069393705986,3.23630789744881,0.919549041025288,3.51945111469026,0.000432440721535956,0.0321174482552687
"FANCB",22.4429067744392,4.53601369377231,1.29009044018958,3.51604317996941,0.000438029738348878,0.0324187953553521
"SLC2A5",36.0993854435622,5.15660156874552,1.47021993607357,3.50736746402511,0.000452563730366875,0.0332618627801238
"TNRC17",38.6669719321309,5.59409983167806,1.59478492189146,3.50774562443397,0.000451920948125897,0.0332618627801238
"CSNK1A1P1",3.40564156487562,-5.68975238279532,1.6238245401545,-3.5039206774483,0.000458461897866872,0.0335787646787131
"GPR158",24.6447955204582,5.03779633053573,1.43871154928173,3.50160275911514,0.000462468590552409,0.0337554229524926
"IGKV3-20",2430.20524266866,3.73659992748035,1.06758053538824,3.50006374565594,0.000465146911020088,0.0338274425230162
"IGLV3-19",61.1781784649208,5.90463786758571,1.68742374788062,3.49920277879332,0.000466651543285338,0.0338274425230162
"RBM11",15.7927683132201,4.97470080266978,1.42306810526569,3.49575735993394,0.000472718344880307,0.0341502703279231
"WDR74",571.420402068156,-1.28807037983516,0.368831025719547,-3.49230484968634,0.000478871373301261,0.0344771100634959
"SNORA63D",2.29424557957708,-5.8267251205324,1.67078080351204,-3.487426422595,0.000487693092603626,0.0349932192920032
"MYOCD",112.806321183436,-4.57085600167721,1.31113311223761,-3.48618760293261,0.000489957271350013,0.0350369106846815
"IGHV3-49",135.88759722335,7.18387821326225,2.06227284867566,3.48347611610925,0.000494947281398006,0.0352745761122949
"CES1P1",25.5638474923554,5.49862986919274,1.58578282346575,3.46745455167399,0.000525412582392628,0.0371953449214206
"KLRC2",34.0867207807268,5.89829656568934,1.70083500145639,3.4678828696721,0.00052457588139716,0.0371953449214206
"LGALS8-AS1",6.00838415205457,4.24852359591526,1.22590344906968,3.46562659493243,0.000528997417562936,0.0373242944585156
"PIERCE2",9.09454801517538,4.87346395756228,1.40752319231077,3.46243954215872,0.000535302163202354,0.0376436574368911
"MASP2",20.8069579596359,3.76887769118579,1.089338364625,3.45978606241707,0.000540604714708494,0.0378906622391877
"FAM86B2-DT",42.7788815160137,2.41785593783119,0.700295777814379,3.45262104160803,0.000555168337181011,0.0387829973369982
"DDX11L16",12.3458716831197,4.59641358175203,1.33316620657428,3.44774234381701,0.000565293019349645,0.0391031285639671
"LOC102723933",6.35236172616919,-7.05959278242879,2.04758502455437,-3.44776539082436,0.000565244788613867,0.0391031285639671
"MIR12120",28.0868163937145,6.81395248326075,1.97608215881771,3.44821314885892,0.000564308520389511,0.0391031285639671
"LYL1",13.2838123253311,-2.56870914989249,0.745267908598397,-3.44669228374986,0.000567494561718467,0.0391275484947713
"TRPM5",78.2567785690897,3.49822534624145,1.01588271994044,3.44353268106238,0.000574167196001968,0.0394590812914729
"UTP18",484.701893109072,0.96631714528823,0.281632742162767,3.43112501006632,0.00060108353268544,0.0411751946160282
"CXCL8",424.057121453448,-4.55448442649458,1.32834455405532,-3.42869206079863,0.000606497242075718,0.0414120229774733
"MGAM",273.302779373324,-2.94111371614058,0.859398639506932,-3.42229272998152,0.000620954211210985,0.0422628224717136
"MCAM",939.515175356471,-2.29338821995499,0.670366278229912,-3.42109723360583,0.000623690295388924,0.0423129887259531
"DUOXA1",38.3172647697532,4.97975617253882,1.45637155553876,3.41928964047684,0.000627848569066198,0.0424590116978409
"PNMA3",7.44654806769399,5.2024428124103,1.52366329507715,3.41443075331605,0.00063915438250559,0.0430859261608147
"SPC25",18.2625057644059,4.11774594195757,1.20743951071746,3.41031240522419,0.000648885061579249,0.0436030161855491
"IGHG3",4182.56409126682,4.87700528961197,1.43197333404259,3.40579337175486,0.000659720898234924,0.0441908615599324
"CHRDL2",73.3758042467798,5.75342592620647,1.68984781010077,3.40470064334573,0.000662366209022817,0.0442280932062648
"MKRN2OS",43.968061500658,2.64602677446322,0.777844500437133,3.40174260147909,0.000669576696761868,0.0444794207238827
"ZNF786",75.951483578772,1.39708963285388,0.410735467545004,3.40143411817925,0.000670332839368762,0.0444794207238827
"GGPS1",109.722144578477,1.28195733904424,0.377143414029858,3.39912428894422,0.000676019883002187,0.0447166026984603
"IGHV3-20",76.3200920235896,7.90268942956703,2.32953055189785,3.39239570098309,0.000692843036629968,0.0456866310166559
"NBAT1",11.3086387378679,5.14209908554263,1.51816129850439,3.38705715302344,0.000706466689406335,0.0464403118467823
"CCR4",34.3281871983438,5.6908412467418,1.68083339002769,3.38572596219547,0.000709902368861009,0.0465216824819845
"CLSPN",90.8691069713079,3.48007153121168,1.02863658366955,3.38318856869441,0.000716494183107468,0.0466647149964178
"TSSK3",29.3305401355244,2.61393369019246,0.772537999588573,3.38356649327872,0.000715508793707257,0.0466647149964178
"GTF2H2",1883.7351623303,1.05089079042082,0.31087627997469,3.3804148406124,0.000723764996585264,0.046849950100062
"KNDC1",73.7358313469998,3.62385937261138,1.07180310919539,3.38108682604199,0.000721997246847412,0.046849950100062
"GTF2H2B",1079.96610363944,1.00414165089327,0.297174085586524,3.37896774852164,0.000727585431623918,0.0469536610706813
"HJURP",80.7503759579902,5.25823112570608,1.55695715762838,3.37724843611988,0.000732148898029919,0.0471045462753778
"MUC12",5731.47018063107,4.65917942708692,1.38009605825826,3.37598198270851,0.000735527357710045,0.047178507820147
"DMBT1",18427.5569087442,4.49831857989785,1.33388143400265,3.37235264336762,0.000745289557172325,0.0474465380441065
"SERPINC1",8.58021808374308,-4.86992799782956,1.44377420225534,-3.37305375745194,0.000743394372967121,0.0474465380441065
"TMOD4",6.9165387494611,4.04598586685417,1.19990162867812,3.37193130682843,0.000746430631109153,0.0474465380441065
"TNNC1",72.9241818393927,3.59288310750236,1.06948904061385,3.35943891995395,0.000781009139662324,0.0494958696384204
